"Metric","Mean","Lower_95_CI","Upper_95_CI"
"Glyptops δ18Osw",-8.32008625672238,-10.5038713724616,-5.99322212157831
"CrocG δ18Osw",-7.53926128303099,-11.1739167765394,-3.60748418988479
"dual_d18Osw",-7.89196836248338,-10.0037282312671,-5.57182509589691
"MAWSWT",26.1585038145686,9.43042568749383,42.3097760600762
"MAWSAT",24.26461353366,9.72014851180934,39.9283565497058
