"Taxon","Mean_d18Owater","Lower_95_CI","Upper_95_CI"
"crocG",-7.56777532034713,-11.1935692733562,-3.63217637604429
"crocA",-5.01980818248464,-8.77305528156438,-0.978046809368164
"crocB",-5.45412933706586,-9.14871743328427,-1.5011584904078
"Glyptops",-8.29240213011533,-10.5199228930225,-5.93393566413454
"Naomichelys",-7.74497272615688,-9.69760970212549,-5.66740667703028
