"Taxon","Mean_d18Owater","Lower_95_CI","Upper_95_CI"
"crocG",-7.56852905213495,-11.2650867968391,-3.81839933850669
"crocA",-5.05064328421111,-8.85826720350037,-1.19516173424099
"crocB",-5.47812599302769,-9.22624728276311,-1.72620772737922
"Glyptops",-8.31925537203665,-10.5559399760179,-6.06947253182467
"Naomichelys",-7.76519270370297,-9.74707276697668,-5.78746954086732
