"Taxon","MEAN","hiCL","loCL"
"Fish",NA,NA,NA
"Aquatic Turtle",-8.4,-7.26998908286429,-9.51693935598571
"Terrestrial Turtle",-7.8,-7.48359915291,-8.165428889784
"Small Theropod",NA,NA,NA
"Sauropoda",NA,NA,NA
"Ornithischian",-5.3,-3.46115367877193,-6.82532586377193
"Croc G",-8.5,-7.16003035657373,-9.89393973936723
"Croc A",-6.4,-5.8444581218745,-6.92805562796
"Croc B",-6.3,-5.49378835837909,-7.200083398225
"Shark",NA,NA,NA
