"Taxon","MEAN","hiCL","loCL"
"Fish",NA,NA,NA
"Aquatic Turtle",-8.4,-7.27497179594286,-9.51693935598571
"Terrestrial Turtle",-7.8,-7.486346917601,-8.16403973336
"Small Theropod",-4.3,-3.08482530741742,-5.40385483741742
"Sauropoda",-3,-1.5704793549624,-4.43571245496241
"Ornithischian",-5.3,-3.43737225710526,-6.82532586377193
"Croc G",-8.5,-7.16220648438546,-9.89336688017359
"Croc A",-6.4,-5.84303778206,-6.9318971140425
"Croc B",-6.3,-5.49361984618,-7.20819651892682
"Shark",NA,NA,NA
